Date,study,Quran,exercise ,Religious knowledge ,Gaming ,majlis,,
Apr 15,2 hours,45 mints,40 mints,40 mints,45 mints,15 mints,,
Apr 16,1:30 mints,40 mints,40 mints,2 hours ,1 hour,20 mints,,
Apr 17,1:30 mints,10 mints,45 mints,50 mints,10 mints ,20 mints ,,
Apr 18,5 mints,40 mints,25 mints,35 mints ,90 mints ,10 mints,,
Apr 19,sunday,40 mints,5 mints,sunday,90 mints,10 mints,,
Apr 20,60 mints,30 mints ,15 mints ,85 mints,50 mints,30 mints ,,
Apr 21,60 mints,30 mints,10 mints,25 mints,45 mints,30 mints,,
Apr 22,60 mints,30 mints,10 mints,20 mints,45 mints,10 mints,,
Apr 23,60 mints,30 mints,10 mints,30 mints,45 mints,20 mints,,
Apr 24,60 mints,30 mints,10 mints,50 mints,rain,20 mints,,
Apr 25,60 mints,30 mints,5 mints,30 mints,30 mints ,10 mints,,
Apr 26,Sunday ,20 mints,5 mints ,40 mints ,25 mints,10 mints,,
Apr 27,30 mints,20 mints,5 mints,10 mints,20 mints,10 mints,,
Apr 28,270 mints,30 mints,5 mints ,40 mints,60 mints,10 mints,,
Apr 29,60 mints,20 mints,5 mints ,20 mints,60 mints,30 mints,,
Apr 30,20 mints ,20 mints,5 mints ,20 mints,60 minst,20 mints ,,
May 1,10 mints,30 mints,5 mints ,20 mints,60 mints,20 mints,,
May 2,10 mints,20 mints,5 mints ,20 mints,60 mints,20 mints,,
May 3,10 mints,20 mints,5 mints ,5 mints,60 mints,10 mints,,
May 4,10 mints,30 mints,5 mints,5 mints ,60 mints,20 mints,,
May 5,10 mints,30 mints,5 mints,45 mints,60 mints,20 mints,,
May 6,10 mints ,30 mints,5 mints,10 mints,60 mints,20 mints,,
May 7,complete,30 mints,5 mints,10 mints,120 mints,20 mints,,
May 8,complete ,30 mints,5 mints,15 mints,120 mints,20 mints,,
May 9,complete ,60 mints,0 mints,23 mints,120 mints,30 mints,,
May 10,complete ,30 mints,0 mints,30 mints,120 mints,30 mints ,,
May 11,complete ,30 mints,0 mints,20 mints,60 mints,30 mints,,
May 12,complete ,30 mints ,2 mints,25 mints,60 mints,30 mints,,
May 13,complete ,60 mints,0 mints,12 mints,60 mints,30 mints,,
May 14,complete ,30 mints,5 mints,20 mints,60 mints,20 mints,,
May 15,complete ,30 mints,5 mints,20 mints,shahadat,30 mints,,
May 16,complete ,30 mints,0 mints,15 mints,60 mints,20 mints,,
May 17,complete ,30 mints,60 mints,10 mints,100 mints,20 mints,,
May 18,complete ,60 mints,45 mints,12 mints,120 mints,20 mints ,,
May 19,complete ,30 mints,30 mints,10 mints,120 mints,10 mints,,
May 20,90 mints,30 mints,30 mints,15 mints,20 mints,10 mints,,
May 21,8 hours,5 mints,20 mints,15 mints,120 mints,10 mints,,
May 22,8 hours,20 mints,10 mints,1 mints,60 mints,5 mints,,
May 23,8 hours,20 mints,10 mints,10 mints,120 mints,10 mints,,
May 24,holiday ,02 mints,15 mints,5 mints,120 mints,20 mints,,
May 25,holiday ,o mints ,30 mints,2 mints,120 mints,10 mints,,
May 26,holiday ,1 mint,20 mints,30 mints,90 mints,15 mints,,
May 27,40 mints,1 mint,30 mints,30 mints,120 mints,15 mints,,
May 28,8 hours,1 mint,30 mints,8 mints,60 mints,10 mints,,
May 29,8 hours ,1 mint,0 mint,2 mints,90 mints,10 mints,,
May 30,2 hours ,1 mint,0 mint,5 mints,90 mints,15 mints,,
May 31,8 hours,3 mints,0 mints,7 mints,120 mints,20 mints,,
Jun 1,8 hours ,5 mints,0 mints,22 mints,30 mints,10 mints,,
Jun 2,8 hours,2 mints,15 mints,10 mints,2 hours,10 mints,,
Jun 3,8 hours,3 mints,15 mints,5 mints,2 hours,15 mints,,
Jun 4,8 hours,2 mints,30 mints,7 mints,2 hours,30 mints,,
Jun 5,8 hours,2 mints,15 mints,12 mints,60 mints,10 mints ,,
Jun 6,2 hours,2 mints,30 mints,10 mints,60 mints ,10 mints,,
Jun 7,sunday,2 mints,10 mints,12 mints, 2 hours,10 mints,,
Jun 8,90 mints,5 mints,20 mints,20 mints,2 hours,10 mints,,
Jun 9,2 hours,5 mints,40 mints,20 mints,2 hours,10 mints,,
Jun 10,1:30 hours,5 mints,0 mints,15 mints,2 hours,10 mints,,
Jun 11,90 mints,5 mints,30 mints,10 mints,2 hours,10 mints,,
Jun 12,90 mints,5 mints,40 mints,14 mints,2 hours,10 mints,,
Jun 13,holiday ,5 mints,40 mints,10 mints,30 mints,10 mints,,
Jun 14,holiday,5 mints,60 mints,8 mints,2 hours,10 mints,,
Jun 15,0 mints,5 mints,60 mints,10 mints,2 hours,10 mints,,
Jun 16,2 hours,5 mints,10 mints,10 mints,2 hours,5 mints,,
Jun 17,150 mints,2 mints,10 mints,10 mints ,2 hours,5 mints,,
Jun 18,3 hours ,45 mints,2 mints ,5 mints,2 hours,5 mints ,,
Jun 19,holiday ,5 mints ,2 mints,20 mints ,2 hours ,5 mints,,
Jun 20,holiday ,5 mints,60 mints,22 mints ,45 mints,30 mints,,
Jun 21,3 hours,15 mints ,30 mints ,20 mints ,0 mints ,30 mints ,,
Jun 22,4 hours,5 mints,20 mints,2 mints,60 mints,20 mints,,
Jun 23,4 hours,5 mints,70 mints,1 mint,0 mint,20 mints ,,
Jun 24,3 hours,5 mints ,60 mints,20 mints ,0 mints,20 mints,,
Jun 25,5 hours,5 mints ,0 mints,15 mints ,15 mints,20 mints,,
Jun 26,60 mints,5 mints,60 mints,10 mints,4 hours,10 mints,,
Jun 27,holiday ,5 mints,60 mints ,45 mints ,2 hours ,30 mints,,
Jun 28,holiday ,5 mints,15 mints,1 mints ,60 mints,20 mints,,
Jun 29,60 mints,5 mints,0 mints,0 mints,20 mints,5 mints,,
Jun 30,20 mints,2 mints ,60 mints ,10 mints,30 mints,1mint,,
Jul 1,60 mints,5 mints,60 mints,17 mints,0 mints,10 mints,,
Jul 2,180 mints,5 mints,5 mints,18 mints,3 hours ,5 mints,,
Jul 3,0 mints,5 mints,30 mints,10 mints,2 hours ,10 mints,,
Jul 4,holiday ,5 mints,rainy day ,17 mints ,2 hours,15 mints,,
Jul 5,holiday ,5 mints,45 mints,32 mints,2 hours,10 mints,,
Jul 6,0 mints,5 mints,40 mints,10 mints,3 hours,15 mints,,
Jul 7,90 mints,5 mints,30 mints,15 mints,2 hours,10 mints,,
Jul 8,90 mints,5 mints,0 mints ,10 mints,60 mints,20 mints,,
Jul 9,60 mints,5 mints ,0 mints,10 mints,10 mints,20 mints,,
Jul 10,90 mints,5 mints,5 mints,5 mints,5 mints,20 mints,,
Jul 11,holiday ,5 mints,rain,3 mints,70 mints,15 mints,,
Jul 12,holiday ,3 mints,30 mints,5 mints,2 hours,5 mints ,,
Jul 13,60 mints ,5 mints,0 mints ,10 mints ,4 hours,5 mints,,
Jul 14,70 mints,2 mints,2 mints,17 mints,3 hours,5 mints,,
Jul 15,60 mints ,3 mints ,0 mints ,6 mints,5 hours,20 mints ,,
Jul 16,60 mints,2 mints,0 mints,9 mints,3 hours ,15 mints,,
Jul 17,0 mints,1 mint,0 mints,40 mints,2 hours,10 mints,,
Jul 18,60 mints,2 mints,0 mints,12 mints,3 hours,10 mints,,
Jul 19,5 mints,2 mints,0 mints,13 mints,3 hours,10 mints,,
Jul 20,holiday ,18 mints ,0 mints ,2 mints,3 hours,15 mints ,,
Jul 21,90 mints ,5 mints ,5 mints ,50 mints,3 hours,5 mints,,
Jul 22,90 mints,5 mints,0 mints ,10 mints ,4 hours,15 mints ,,
Jul 23,80 mints ,5 mints ,30 mints ,17 mints ,3 hours,20 mints ,,
Jul 24,20 mints,4 mints ,0 mints ,25 mints ,3 hours ,10 mints ,,
Jul 25,60 mints ,2 mints ,5 mints,12 mints,3 hours ,10 mints ,,
Jul 26,5 mints ,5 mints ,0 mints ,11 mints ,2 hours,10 mints ,,
Jul 27,60 mints ,6 mints ,0 mints ,13 mints ,1 hour,10 mints ,,
Jul 28,30 mints,5 mints,0 mints,10 mints ,2 hours ,10 mints ,,
Jul 29,holiday ,5 mints ,0 mints ,5 mints ,1 hour,10 mints,,
Jul 30,70 mints ,2 mints ,0 mints ,5 mints,3 hours,15 mints ,,
Jul 31,holiday ,2 mints,0 mints,10 mints ,1 hours,10 mints ,,
Aug 1,holiday ,2 mints ,0 mints ,4 mints ,80 mints ,15 mints ,,
Aug 2,holiday ,2 mints,12 mints,4 mints,60 mints ,20 mints ,,
Aug 3,90 mints,2 mints ,0 mints ,10 mints ,150 mints ,25 mints ,,
Aug 4,10 mints ,2 mints,0 mints ,7 mints,2 hours ,15 mints ,,
Aug 5,2 hours ,2 mints ,0 mints ,8 mints ,2 hours ,10 mints ,,
Aug 6,0 mints ,2 mints,0 mints,10 mints ,3 hours ,10 mints ,,
Aug 7,2 hours,2 mints ,0 mints,7 mints,1 hour,15 mints,,
Aug 8,holiday ,2 mints,0 mints,9 mints ,60 mints,20 mints ,,
Aug 9,holiday ,2 mints,20 mints ,8 mints,2 hours,15 mints ,,
Aug 10,0 mints ,2 mints ,20 mints ,10 mints ,80 mints,20 mints ,,
Aug 11,shopping ,2 mints ,10 mints ,2 mints ,3 hours,10 mints ,,
Aug 12,shopping ,2 mints,0 mints ,8 mints ,3 hours ,10 mints ,,
Aug 13,5 mints,4 mints ,0 mints,3 mints ,3 hours,20 mints ,,
Aug 14,5 mints,3 mints,0 mints,8 mints,4 hours,15 mints ,,
Aug 15,10 mints,2 mints,20 mints,12 mints,3 hours,10 mints,,
Aug 16,20 mints ,2 mints,15 mints,15 mints,4 hours,10 mints,,
Aug 17,30 mints,2 mints,0 mints,28 mints,4 hours,20 mints,,
Aug 18,30 mints,2 mints,10 mints,13 mints,3 hours,10 mints,,
Aug 19,20 mints,2 mints,30 mints,7 mints,5 hours,15 mints,,
Aug 20,30 mints,2 mints,0 mints,15 mints,150 mints,30 mints,,
Aug 24,30 mints,2 mints,muharram ,7 mints,muharram,2 hours,,
Aug 21,30 mints ,2 mints,muharram,5 mints,muharram ,4 hours,,
Aug 22,30 mints ,2 mints,muharram ,7 mints,muharram ,4 hours,,
Aug 23,20 mints,2 mints,muharram,8 mints,muharram,5 hours,,
Aug 25,20 mints,5 mints,muharram,12 mints,muharram,3 hours,,
Aug 26,10 mints ,2 mints ,muharram ,4 mints ,muharram ,1 hour,,
Aug 27,20 mints ,2 mints,muharram ,5 mints,muharram ,4 hours,,
Aug 28,15 mints,2 mints ,muharram ,5 mints ,muharram ,4 hours,,
Aug 29,9 muharram ,9 muharram ,9 muharram ,9 muharram ,9 muharram ,9 muharram ,,
Aug 30,10 muharram ,10 muharram ,10 muharram ,10 muharram ,10 muharram ,10 muharram ,,
Aug 31,20 mints,2 mints,muharram ,14 mints ,muharram ,2 hours ,,
Sep 1,30 mints,2 mints,0 mints,15 mints,2 hours,20 mints,,
Sep 2,30 mints,2 mints ,15 mints,11 mints,3 hours,10 mints,,
Sep 3,20 mints ,2 mints,20 mints ,5 mints,4 hours,15 mints,,
Sep 4,30 mints,3 mints,25 mints,8 mints,200 mints,20 mints,,
Sep 5,15 mints,2 mints,0 mints,2 mints,150 mints,100 mints,,
Sep 6,20 mints,15 mints,5 mints,10 mints,150 mints,10 mints,,
Sep 7,30 mints,10 mints,15 mints,20 mints,180 mints,30 mints,,
Sep 8,100 mints,10 mints,0 mints,15 mints,180 mints,30 mints,,
Sep 9,20 mints,2 mints,20 muharram ,5 mints,120 mints,200 mints,,
Sep 10,30 mints ,10 mints ,15 mints,10 mints ,150 mints,20 mints,,
Sep 11,20 mints,2 mints,5 mints,2 mints,180 mints,15 mints,,
Sep 12,20 mints,15 mints,5 mints,3 mints,180 mints,20 mints,,
Sep 13,30 mints,10 mints,0 mints,12 mints,150 mints,20 mints,,
Sep 14,30 mints,10 mints,5 mints,5 mints,100 mints,100 mints,,
Sep 15,30 mints,5 mints,120 mints,5 mints,150 mints,15 mints,,
Sep 16,20 mints,5 mints,10 mints,5 mints,180 mints,30 mints,,
Sep 17,30 mints,2 mints,0 mints,7 mints,60 mints,120 mints,,
Sep 18,30 mints,2 mints,2 mints,5 mints,120 mints,15 mints ,,
Sep 19,30 mints,2 mints,25 mints,5 mints,100 mints,20 mints,,
Sep 20,20 mints,10 mints,2 mints,6 mints,60 mints,15 mints,,
Sep 21,30 mints,5 mints,15 mints ,5 mints,120 mints,20 mints,,
Sep 22,20 mints,5 mints,5 mints,5 mints,100 mints,30 mints,,
Sep 23,10 mints,5 mints,2 mints,5 mints ,60 mints,60 mints,,
Sep 24,15 mints,2 mints,15 mints,7 mints,30 mints,80 mints,,
Sep 25,30 mints,1 mint,30 mints,2 mints,100 mints,60 mints,,
Sep 26,holiday ,5 mints,20 mints,5 mints,0 mints,30 mints,,
Sep 27,holiday ,5 mints,10 mints,2 mints,120 mints,30 mints,,
Sep 28,20 mints,5 mints,0 mints,10 mints,0 mints ,100 mints,,
Sep 29,10 mints ,2 mints,10 mints,8 mints,100 mints,30 mints,,
Sep 30,5 mints,5 mints,30 mints,6 mints,150 mints,30 mints,,
Oct 1,20 mints,5 mints,20 mints,3 mints,180 mints,30 mints,,
Oct 2,30 mints,5 mints,30 mints,4 mints,200 mints,20 mints,,
Oct 3,20 mints,5 mints,2 mints,2 mints,150 mints,360 mints,,
Oct 4,30 mints ,5 mints,20 mints,5 mints,120 mints,30 mints ,,
Oct 5,20 mints,5 mints,50 mints,5 mints,180 mints,30 mints,,
Oct 6,15 mints,2 mints,20 mints,5 mints,150 mints,30 mints,,
Oct 7,120 mints,2 mints,5 mints,6 mints,chehlam,180 mints,,
Oct 8,holiday ,2 mints,20 mints,6 mints,chehlam,150 mints,,
Oct 9,holiday,2 mints,10 mints,4 mints,100 mints,20 mints,,
Oct 10,20 mints,5 mints,2 mints,4 mints,120 mints ,30 mints,,
Oct 11,10 mints,2 mints,0 mints,5 mints,20 mints,100 mints,,
Oct 12,20 mints,2 mints,20  mints,6 mints,30 mints,200 mints,,
Oct 13,30 mints,2 mints,10 mints,5 mints ,80 mints,30 mints,,
Oct 14,60 mints,5 mints,5 mints ,4 mints ,30 mints ,20 mints ,,
Oct 15,120 mints,2 mints,10 mints,5 mints,180 mints,15 mints,,
Oct 16,28 safar,2 mints,20 mints,2 mints,28 safar,150 mints,,
Oct 17,180 mints,3 mints,15 mints,2 mints,150 mints,20 mints,,
Oct 18,80 mints ,2 mints ,5 mints,5 mints,140 mints,15 mints,,
Oct 19,holiday,2 mints,15 mints,20 mints,120 mints,100 mints,,
Oct 20,60 mints,2 mints,20 mints,5 mints,180 mints,20 mints,,
Oct 21,80 mints,2 mints,25 mints,7 mints,200 mints ,30 mints,,
Oct 22,200 mints ,2 mints,20 mints,2 mints,150 mints,30 mints,,
Oct 23,60 mints,2 mints,10 mints,4 mints,0 mints,50 mints,,
Oct 24,200 mints,2 mints ,5 mints,3 mints,0 mints,10 mints,,
Oct 25,180 mints,2 mints,o mints ,4 mints,150 mints,30 mints,,
Oct 26,150 mints,2 mints,5 mints,1 mint,100 mints,20 mints,,
Oct 27,200 mints,5 mints,15 mints,2 mints,150 mints,15 mints,,
Oct 28,180 mints,2 mints,10 mints,8 mints,40 mints,20 mints,,
Oct 29,100 mints,5 mints,20 mints,3 mints,120 mints,30 mints,,
Oct 30,holiday,2 mints,10 mints,5 mints,50 mints,80 mints,,
Oct 31,holiday ,2 mints,25 mints,4 mints,0 mints,10 mints,,
Nov 1,80 mints,2 mints,10 mints,3 mints,15 mints,10 mints,,
Nov 2,60 mints,2 mints,25 mints,4 mints,160 mints,20 mints,,
Nov 3,210 mints,2 mints,15 mints,8 mints,0 mints,5 mints,,
Nov 4,0 mints,2 mints,20 mints,8 mints,10 mints,10 mints,,
Nov 5,180 mints,5 mints,15 mints,5 mints,10 mints,5 mints,,
Nov 6,holiday ,3 mints ,100 mints,6 mints,60 mints,10 mints ,,
Nov 7,60 mints,2 mints,15 mints,5 mints,0 mints,5 mints,,
Nov 8,250 mints,2 mints,5 mints,5 mints,40 mints,60 mints,,
Nov 9,100 mints,7 mints,80 mints,6 mints ,0 mints,10 mints,,
Nov 10,120 mints,5 mints,30 mints,5 mints,10 mints,10 mints ,,
Nov 11,150 mints,10 mints,25 mints,5 mints,0 mints,10 mints,,
Nov 12,30 mints,5 mints,90 mints,5 mints,0 mints,10 mints,,
Nov 13,holiday ,3 mints,20 mints,7 mints,0 mints,5 mints,,
Nov 14,160 mints,5 mints,0 mints,3 mints,180 mints ,6 mints,,
Nov 15,120 mints,10 mints ,5 mints,90 mints,60 mints,30 mints ,,
Nov 16,holiday,5 mints,100 mints,2 mints,30 mints,20 mints,,
Nov 17,60 mints,2 mints,120 mints,3 mints,80 mints,10 mints,,
Nov 18,180 mints,2 mints ,70 mints,1 mints,150 mints,5 mints,,
Nov 19,360 mints,2 mints,0 mints,3 mints,0 mints,5 mints,,
Nov 20,60 mints,2 mints,20 mints,5 mints,2 mints,60 mints,,
Nov 21,180 mints ,2 mints,0 mints,7 mints,100 mints,5 mints,,
Nov 22,holiday ,5 mints,0 mints ,11 mints,60 mints,10 mints,,
Nov 23,200 mints,5 mints,0 mints,3 mints,0 mints,15 mints,,
Nov 24,220 mints,10 mints,60 mints,5 mints,30 mints,10 mints,,
Nov 25,60 mints,15 mints,5 mints,4 mints,0 mints,20 mints,,
Nov 26,150 mints ,5 mints,0 mints ,4 mints,80 mints ,5 mints ,,
Nov 27,100 mints,5 mints,2 mints,5 mints ,120 mints ,10 mints ,,
Nov 28,330 mints,5 mints ,0 mints,2 mints,120 mints,20 mints,,
Nov 29,240 mints,5 mints,20 mints,15 mints,0 mints,5 mints,,
Nov 30,60 mints,10 mints,60 mints,5 mints,120 mints,20 mints,,
Dec 1,180 mints,10 mints,20 mints,3 mints,60 mints,5 mints,,
Dec 2,150 mints,5 mints,30 mints,6 mints,70 mints ,5 mints,,
Dec 3,120 mints,10 mints,40 mints,7 mints,80 mints,5 mints,,
Dec 4,180 mints,5 mints,30 mints,3 mints,100 mints,6 mints,,
Dec 5,200 mints,60 mints,0 mints,10 mints,30 mints,5 mints,,
Dec 6,120 mints,5 mints,30 mints,3 mints,20 mints,10 mints,,
Dec 7,240 mints,5 mints,50 mints,2 mints,20 mints,15 mints,,
Dec 8,180 mints,5 mints,60 mints,5 mints,40 mints,10 mints,,
Dec 9,120 mints,2 mints,40 mints,6 mints,60 mints,5 mints,,
Dec 10,150 mints,5 mints,0 mints,5 mints,80 mints,10 mints,,
Dec 11,100 mints,2 mints,rain,2 mints,60 mints,10 mints,,
Dec 12,200 mints ,0 mints,0 mints,10 mints,0 mints,10 mints,,
Dec 13,holiday ,0 mints,15 mints,4 mints,0 mints,5 mints,,
Dec 14,180 mints,2 mints,0 mints,3 mints,10 mints,20 mints,,
Dec 15,210 mints,2 mints,20 mints,3 mints,20 mints,20 mints,,
Dec 16,200 mints,5 mints,40 mints,7 mints,30 mints,5 mints,,
Dec 17,250 mints,2 mints ,60 mints,3 mints,0 mints ,10 mints,,
Dec 18,200 mints,5 mints,80 mints,2 mints,60 mints,10 mints,,
Dec 19,180 mints,5 mints,45 mints,3 mints,0 mints,10 mints,,
Dec 20,holiday ,5 mints,45 mints,3 mints,120 mints,15 mints,,
Dec 21,150 mints,6 mints,40 mints,8 mints,100 mints,10 mints ,,
Dec 22,60 mints,5 mints,30 mints,20 mints,60 mints,15 mints,,
Dec 23,180 mints,5 mints,0 mints,4 mints,30 mints,10 mints,,
Dec 24,120 mints,2 mints,40 mints,4 mints,80 mints ,15 mints,,
Dec 25,150 mints,5 mints,30 mints,5 mints,70 mints,10 mints,,
Dec 26,holiday,3 mints,0 mints,2 mints,60 mints ,30 mints,,
Dec 27,holiday ,5 mints,rain,7 mints,80 mints,10 mints,,
Dec 28,180 mints,6 mints,40 mints,9 mints,10 mints,15 mints,,
Dec 29,150 mints,4 mints,60 mints,7 mints,60 mints,10 mints,,
Dec 30,200 mints,5 mints,40 mints,3 mints,120 mints,5 mints,,
Dec 31,120 mints,2 mints,0 mints,2 mints,60 mints,10 mints,,
Jan 1,60 mints,5 mints,30 mints,0 mints,120 mints,5 mints,,
Jan 2,holiday ,2 mints,10 mints,13 mints,200 mints,5 mints,,
Jan 3,60 mints,3 mints,40 mints,10 mints,150 mints,5 mints,,
Jan 4,holiday,2 mints,0 mints,4 mints,120 mints,5 mints,,
Jan 5,150 mints,2 mints,rain,5 mints,60 mints,10 mints,,
Jan 6,200 mints,2 mints,40 mints,4 mints,120 mints,5 mints,,
Jan 7,220 mints ,5 mints,0 mints,4 mints,60 mints,5 mints,,
Jan 8,200 mints,6 mints,30 mints,5 mints,150 mints,5 mints,,
Jan 9,holiday ,2 mints,0 mints ,5 mints,0 mints,5 mints ,,
Jan 10,60 mints ,3 mints,0 mints,7 mints,10 mints,10 mints,,
Jan 11,120 mints,5 mints,40 mints,3 mints,30 mints,10 mints,,
Jan 12,100 mints,10 mints,40 mints,5 mints,0 mints,10 mints,,
Jan 13,150 mints,5 mints ,60 mints ,4 mints,80 mints,5 mints,,
Jan 14,200 mints,2 mints ,0 mints ,6 mints,120 mints,5 mints,,
Jan 15,130 mints,5 mints,30 mints,3 mints ,180 mints ,5 mints,,
Jan 16,200 mints,5 mints,25 mints,5 mints,0 mints ,10 mints,,
Jan 17,120 mints,2 mints,0 mints,5 mints,120 mints,10 mints,,
Jan 18,60 mints,5 mints,60 mints,7 mints ,150 mints,10 mints,,
Jan 19,300 mints,5 mints,45 mints,3 mints,0 mints,5 mints,,
Jan 20,200 mints ,3 mints,30 mints,4 mints,20 mints ,5 mints ,,
Jan 21,150 mints,5 mints ,40 mints,2 mints,120 mints,5 mints,,
Jan 22,240 mints,5 mints,0 mints,60 mints ,150 mints,10 mints,,
Jan 23,300 mints ,3 mints ,30 mints ,11 mints,0 mints ,15 mints ,,
Jan 24,240 mints,2 mints,0 mints,10 mints,30 mints,10 mints ,,
Jan 25,200 mints,5 mints,0 mints,2 mints ,0 mints ,5 mints ,,
Jan 26,150 mints,5 mints,0 mints,5 mints,15 mints,10 mints,,
Jan 27,60 mints,3 mints,30 mints,6 mints,100 mints,5 mints ,,
Jan 28,180 mints,2 mints,40 mints,3 mints ,70 mints,10 mints,,
Jan 29,120 mints,0 mints,50 mints,16 mints,20 mints,5 mints,,
Jan 30,200 mints,2 mints,0 mints ,6 mints ,0 mints ,20 mints,,
Jan 31,100 mints ,2 mints,30 mints ,6 mints,20 mints,10 mints,,
Feb 1,60 mints,2 mints,25 mints,5 mints,15 mints,5 mints,,
Feb 2,0 mints ,0 mints ,0 mints ,2 mints,30 mints,10 mints,,
Feb 3,0 mints ,2 mints,0 mints,4 mints,0 mints ,5 mints,,
Feb 4,200 mints,2 mints,10 mints ,5 mints,30 mints ,15 mints ,,
Feb 5,180 mints,2 mints,5 mints,2 mints ,30 mints,5 mints,,
Feb 6,120 mints ,2 mints,20 mints ,3 mints ,30 mints ,60 mints ,,
Feb 7,230 mints ,2 mints,0 mints,6 mints,150 mints,30 mints,,
Feb 8,250 mints ,2 mints,0 mints ,3 mints,0 mints,10 mints ,,
Feb 9,150 mints,2 mints,0 mints,31 mints,0 mints,20 mints,,
Feb 10,120 mints,2 mints,0 mints,2 mints,20 mints,5 mints,,
Feb 11,holiday ,2 mints ,0 mints ,2 mints ,60 mints ,10 mints ,,
Feb 12,holiday ,2 mints,60 mints,2 mints,0 mints,5 mints,,
Feb 13,60 mints,2 mints ,60 mints,6 mints,40 mints,10 mints,,
Feb 14,150 mints,2 mints ,5 mints ,4 mints ,30 mints ,20 mints ,,
Feb 15,120 mints,2 mints,5 mints,3 mints ,100 mints ,5 mints ,,
Feb 16,200 mints ,2 mints ,20 mints ,2 mints ,150 mimts,5 mints ,,
Feb 17,180 mints,5 mints ,15 mints ,4 mints ,60 mints ,10 mints ,,
Feb 18,200 mints,2 mints ,10 mints ,2 mints ,150 mints ,5 mints ,,
Feb 19,100 mints ,2 mints ,80 mints ,4 mints ,100 mints ,10 mints ,,
Feb 20,180 mints ,5 mints ,5 mints ,4 mints ,150 mints ,5 mints ,,
Feb 21,300 mints ,2 mints ,0 mints ,7 mints ,60 mints ,10 mints ,,
Feb 22,240 mints ,2 mints ,0 mints ,7 mints ,0 mints ,5 mints ,,
Feb 23,180 mints ,0 mints ,0 mints ,4 mints ,100 mints ,10 mints ,,
Feb 24,300 mints,3 mints ,30 mints ,5 mints ,120 mints ,5 mints ,,
Feb 25,200 mints ,2 mints ,10 mints ,2 mints ,60 mints ,30 mints ,,
Feb 26,180 mints ,2 mints ,15 mints ,4 mints ,120 mints ,10 mints ,,
Feb 27,100 mints ,2 mints ,0 mints ,5 mints ,0 mints ,5 mints ,,
Feb 28,holiday ,2 mints ,0 mints ,5 mints ,0 mints ,5 mints ,,
Mar 1,120 mints,2 mints ,5 mints ,3 mints ,100 mints ,10 mints ,,
Mar 2,150 mints ,2 mints ,0 mints ,4 mints ,10 mints ,10 mints ,,
Mar 3,100 mints ,2 mints ,0 mints ,2 mints ,180 mints ,20 mints ,,
Mar 4,holiday ,2 mints ,5 mints ,4 mints ,120 mints ,10 mints ,,
Mar 5,100 mints,0 mints ,5 mints ,3 mints ,30 mints ,20 mints ,,
Mar 6,0 mints,0 mints,0 mints,4 mints ,60 mints ,10 mints ,,
Mar 7,0 mints ,2 mints ,5 mints ,6 mints ,20 mints ,5 mints ,,
Mar 8,100 mints ,2 mints ,20 mints ,5 mints ,30 mints ,5 mints ,,
Mar 9,120 mints ,2 mints ,0 mints ,4 mints ,20 mints ,10 mints ,,
Mar 10,200 mints ,2 mints ,10 mints ,5 mints ,30 mints ,10 mints ,,
Mar 11,240 mints ,2 mints ,5 mints ,4 mints ,60 mints ,5 mints ,,
Mar 12,100 mints ,2 mints ,10 mints ,2 mints ,10 mints ,10 mints ,,
Mar 13,100 mints ,2 mints ,15 mints ,4 mints ,60 mints ,20 mints ,,
Mar 14,150 mints ,2 mints ,10 mints ,3 mints ,60 mints ,15 mints ,,
Mar 15,100 mints ,2 mints ,20 mints ,3 mints ,80 mints ,5 mints ,,
Mar 16,60 mints ,2 mints ,15 mints ,6 mints ,60 mints ,10 mints ,,
Mar 17,120 mints ,3 mints ,10 mints ,5 mints ,120 mints ,10 mints ,,
Mar 18,180 mints ,2 mints ,15 mints ,4 mints ,60 mints ,15 mints ,,
Mar 19,100 mints ,2 mints ,10 mints ,5 mints ,30 mints ,10 mints ,,
Mar 20,60 mints ,2 mints ,10 mints ,3 mints ,15 mints ,5 mints ,,
Mar 21,holiday ,2 mints ,0 mints ,5 mints ,0 mints ,5 mints ,,
Mar 22,30 mints ,2 mints ,10 mints ,5 mints ,20 mints ,0 mints ,,
Mar 23,holiday,2 mints ,15 mints ,4 mints ,0 mints ,10 mints ,,motivation 
Mar 24,150 mints ,2 mints ,10 mints ,2 mints ,20 mints ,15 mints ,,20 mints 
Mar 25,300 mints ,4 mints ,5 mints ,6 mints ,30 mints ,10 mints ,,25 mints 
Mar 26,100 mints ,2 mints ,20 mints ,5 mints ,150 mints ,10 mints ,,15 mints 
Mar 27,60 mints ,2 mints ,10 mints ,5 mints ,100 mints ,15 mints ,,25 mints 
Mar 28,holiday ,2 mints ,10 mints ,7 mints ,0 mints ,10 mints ,,5 mints 
Mar 29,200 mints ,3 mints ,15 mints ,5 mints ,60 mints ,10 mints ,,10 mints 
Mar 30,150 mints ,2 mints ,10 mints ,5 mints ,40 mints ,15 mints ,mohasiba,20 mints 
Mar 31,200 mints ,2 mints ,15 mints ,6 mints ,100 mints ,20 mints ,yes,15 mints 
Apr 1,150 mints ,2 mints ,10 mints ,5 mints ,60 mints ,10 mints ,yes,10 mints 
Apr 2,180 mints ,3 mints ,5 mints ,9 mints ,150 mints ,15 mints ,yes,10 mints 
Apr 3,100 mints,2 mints ,0 mints ,4 mints ,100 mints ,10 mints ,yes,5 mints 
Apr 4,200 mints ,9 mints ,10 mints ,3 mints ,40 mints ,10 mints ,yes,10 mints 
Apr 5,holiday ,2 mints ,10 mints ,5 mints ,30 mints ,15 mints ,yes,5 mints 
Apr 6,100 mints ,2 mints ,5 mints ,30 mints ,80 mints ,20 mints ,yes,10 mints 
Apr 7,120 mints ,2 mints ,0 mints ,5 mints ,60 mints ,15 mints ,yes,10 mints 
Apr 8,200 mints ,2 mints ,10 mints ,4 mints ,40 mints ,15 mints ,yes,15 mints 
Apr 9,300 mints ,2 mints ,5 mints ,4 mints ,60 mints ,20 mints ,yes,10 mints 
Apr 10,400 mints ,2 mints ,0 mints ,2 mints ,60 mints ,10 mints ,yes,10 mints 
Apr 11,250 mints ,2 mints ,10 mints ,5 mints ,40 mints ,20 mints ,yes,10 mints 
Apr 12,300 mints,2 mints ,15 mints ,6 mints ,0 mints ,10 mints ,yes,10 mints 
Apr 13,150 mints ,2 mints ,20 mints ,5 mints ,30 mints ,10 mints ,yes,10 mints 
Apr 14,60 mints ,4 mints ,30 mints ,5 mints ,120 mints ,15 mints ,yes,15 mints 
Apr 15,240 mints ,2 mints ,30 mints ,5 mints ,0 mints ,15 mints ,yes,10 mints 
Apr 16,300 mints ,2 mints ,30 mints ,5 mints ,20 mints ,20 mints ,yes,20 mints 
Apr 17,180 mints ,2 mints ,30 mints ,6 mints ,40 mints ,10 mints ,yes,15 mints 
Apr 18,holiday ,2 mints ,20 mints ,6 mints ,60 mints ,15 mints ,yes,10 mints 
Apr 19,200 mints ,3 mints ,30 mints ,5 mints ,100 mints ,15 mints ,yes,10 mints 
Apr 20,100 mints ,15 mints ,10 mints ,5 mints ,150 mints ,10 mints ,yes,10 mints 
Apr 21,120 mints ,10 mints ,20 mints ,6 mints ,240 mints ,10 mints ,yes,10 mints 
Apr 22,200 mints ,2 mints ,20 mints ,3 mints ,150 mints ,10 mints ,yes,5 mints 
Apr 23,120 mints ,2 mints ,10 mints ,4 mints ,60 mints ,10 mints ,yes,8 mints 
Apr 24,holiday ,5 mints ,10 mints ,3 mints ,150 mints ,20 mints ,yes,10 mints 
Apr 25,holiday ,10 mints ,10 mints ,4 mints ,120 mints ,15 mints ,yes,10 mints 
Apr 26,240 mints ,2 mints ,5 mints ,5 mints ,60 mints ,10 mints ,yes,8 mints 
Apr 27,180 mints ,2 mints ,10 mints ,3 mints ,60 mints ,10 mints ,yes,10 mints 
Apr 28,60 mints ,2 mints ,5 mints ,5 mints ,120 mints ,10 mints ,yes,5 mints 
Apr 29,360 mints ,2 mints ,0 mints ,10 mints ,60 mints ,10 mints ,yes,5 mints 
Apr 30,400 mints ,15 mints ,10 mints ,5 mints ,80 mints ,5 mints ,yes,5 mints 
May 1,300 mints ,20 mints ,0 mints ,5 mints ,20 mints ,20 mints ,yes,2 mints 
May 2,250 mints ,20 mints ,5 mints ,3 mints ,30 mints ,10 mints ,yes,5 mints 
May 3,180 mints ,20 mints ,15 mints ,8 mints ,30 mints ,15 mints ,yes,8 mints 
May 4,120 mints ,20 mints ,10 mints ,4 mints ,0 mints ,20 mints ,yes,10 mints 
May 5,150 mints ,2 mints ,0 mints ,4 mints ,20 mints ,10 mints ,yes,5 mints 
May 6,250 mints ,2 mints ,5 mints ,5 mints ,40 mints ,10 mints ,yes,5 mints 
May 7,150 mints ,2 mints ,5 mints ,3 mints ,0 mints ,5 mints ,yes,0 mints 
May 8,120 mints ,2 mints,0 mints ,4 mints ,0 mints ,5 mints ,yes,0 mints 
May 9,150 mints ,2 mints ,5 mints ,5 mints ,60 mints ,4 mints ,yes,5 mints 
May 10,80 mints ,2 mints ,0 mints ,5 mints ,60 mints ,10 mints ,yes,4 mints 
May 11,60 mints ,0 mints ,60 mints,5 mints ,15 mints ,5 mints ,yes,0 mints 
May 12,30 mints ,30 mints ,120 mints ,5 mints ,0 mints ,10 mints ,yes,5 mints 
May 13,eid,2 mints ,0 mints ,4 mints ,20 mints ,13 mints ,yes,0 mints 
May 14,eid,2 mints ,5 mints ,5 mints ,10 mints ,10 mints ,yes,12 mints 
May 15,150 mints ,12 mints ,10 mints ,5 mints ,30 mints ,15 mints ,yes,10 mints 
May 16,180 mints ,2 mints ,5 mints ,6 mints ,40 mints ,20 mints ,yes,10 mints 
May 17,150 mints ,3 mints ,0 mints ,5 mints ,60 mints ,15 mints ,yes,5 mints 
May 18,120 mints ,2 mints ,0 mints ,7 mints ,60 mints ,10 mints ,yes,8 mints 
May 19,100 mints ,2 mints ,10 mints ,5 mints ,40 mints ,10 mints ,yes,5 mints 
May 20,120 mints ,2 mints ,15 mints ,7 mints ,45 mints ,10 mints ,yes,8 mints 
May 21,150 mints ,2 mints ,10 mints ,5 mints ,0 mints ,10 mints ,yes,5 mints 
May 22,180 mints ,5 mints ,15 mints ,5 mints ,60 mints ,10 mints ,yes,5 mints 
May 23,holiday ,2 mints ,5 mints ,5 mints ,60 mints ,10 mints ,yes,6 mints 
May 24,200 mints ,3 mints ,0 mints ,9 mints ,0 mints ,10 mints ,yes,5 mints 
May 25,150 mints ,3 mints ,30 mints ,5 mints ,60 mints ,5 mints ,yes,5 mints 
May 26,120 mints ,2 mints ,30 mints ,5 mints ,60 mints ,10 mints ,yes,5 mints 
May 27,150 mints ,2 mints ,20 mints ,5 mints ,40 mints ,10 mints ,yes,5 mints 
May 28,120 mints ,2 mints ,5 mints ,6 mints ,0 mints ,10 mints ,yes,5 mints 
May 29,300 mints ,4 mints ,10 mints ,5 mints ,50 mints ,30 mints ,yes,10 mints 
May 30,180 mints ,3 mints ,20 mints ,10 mints ,0 mints ,10 mints ,yes,5 mints 
May 31,150 mints ,2 mints ,rain,7 mints ,0 mints ,10 mints ,yes,5 mints 
Jun 1,240 mints ,2 mints ,guest ,4 mints ,0 mints ,10 mints ,yes,5 mints 
Jun 2,300 mints ,2 mints ,30 mints ,5 mints ,25 mints ,5 mints ,yes,no
Jun 3,240 mints ,2 mints ,30 mints ,7 mints ,0 mints ,5 mints ,yes,5 mints 
Jun 4,100 mints ,2 mints ,30 mints ,5 mints ,0 mints ,10 mints ,yes,3 mints 
Jun 5,240 mints ,2 mints ,15 mints ,2 mints ,20 mints ,10 mints ,yes,6 mints 
Jun 6,300 mints ,2 mints ,10 mints ,2 mints ,60 mints ,10 mints ,yes,5 mints 
Jun 7,250 mints ,2 mints ,15 mints ,3 mints ,0 mints ,5 mints ,yes,2 mints 
Jun 8,180 mints ,2 mints ,5 mints ,1 mints ,0 mints ,5 mints ,yes,2 mints 
Jun 9,150 mints ,2 mints ,15 mints ,5 mints ,0 mints ,15 mints ,yes,10 mints 
Jun 10,100 mints ,2 mints ,5 mints ,5 mints ,0 mints ,10 mints ,yes,0 mints 
Jun 11,60 mints ,2 mints ,death,4 mints ,0 mints ,10 mints ,yes,2 mints 
Jun 12,150 mints ,2 mints ,0 mints ,6 mints ,50 mints ,5 mints ,yes,5 mints 
Jun 13,200 mints ,2 mints ,30 mints ,4 mints ,30 mints ,8 mints ,yes,5 mints 
Jun 14,300 mints ,2 mints ,5 mints ,3 mints ,0 mints ,7 mints ,yes,5 mints 
Jun 15,300 mints ,2 mints ,30 mints ,9 mints ,0 mints ,11 mints ,yes,5 mints 
Jun 16,180 mints ,2 mints ,0 mints ,5 mints ,40 mints ,5 mints ,yes,5 mints 
Jun 17,200 mints ,2 mints ,20 mints ,3 mints ,0 mints ,10 mints ,yes,10 mints 
Jun 20,holiday ,2 mints ,0 mints ,4 mints ,0 mints ,15 mints ,yes,5 mints 
Jun 18,100 mints ,2 mints ,5 mints ,no,0 mints ,7 mints ,yes,5 mints 
Jun 19,240 mints ,2 mints ,0 mints ,5 mints ,60 mints ,5 mints ,yes,5 mints 
Jun 21,60 mints ,2 mints ,10 mints ,3 mints ,0 mints ,10 mints ,yes,7 mints 
Jun 22,180 mints ,2 mints ,60 mints ,5 mints ,0 mints ,15 mints ,yes,5 mints 
Jun 23,250 mints ,2 mints ,60 mints ,4 mints ,0 mints ,10 mints ,yes,4 mints 
Jun 24,200 mints ,5 mints ,5 mints ,5 mints ,5 mints ,10 mints ,yes,2 mints 
Jun 25,60 mints ,2 mints ,10 mints ,4 mints ,30 mints ,10 mints ,yes,10 mints 
Jun 26,150 mints ,2 mints ,0 mints ,4 mints ,35 mints ,15 mints ,yes,12 mints 
Jun 27,240 mints ,2 mints ,0 mints ,4 mints ,30 mints ,10 mints ,yes,5 mints 
Jun 28,300 mints ,5 mints ,0 mints ,5 mints ,0 mints ,11 mints ,yes,5 mints 
Jun 29,300 mints ,2 mints ,70 mints ,5 mints ,0 mints ,5 mints ,yes,2 mints 
Jun 30,240 mints ,5 mints ,60 mints ,6 mints ,0 mints ,5 mints ,yes,2 mints 
Jul 1,200 mints ,5 mints ,5 mints ,5 mints ,0 mints ,10 mints ,yes,0 mints 
Jul 2,200 mints ,2 mints ,50 mints ,5 mints ,0 mints ,10 mints ,yes,2 mints 
Jul 3,240 mints ,10 mints ,0 mints ,3 mints ,0 mints ,15 mints ,yes,15 mints 
Jul 4,200 mints ,2 mints ,0 mints ,4 mints ,0 mints ,5 mints ,yes,2 mints 
Jul 5,300 mints ,2 mints ,20 mints ,4 mints ,0 mints ,10 mints ,yes,5 mints 
Jul 6,250 mints ,2 mints ,60 mints ,5 mints ,0 mints ,5 mints ,yes,4 mints 
Jul 7,300 mints,2 mints,5 mints,4 mints ,60 mints ,20 mints ,yes,5 mints 
Jul 8,200 mints ,2 mints ,0 mints ,5 mints ,0 mints ,15 mints ,yes,5 mints 
Jul 9,300 mints ,2 mints ,60 mints ,5 mints ,60 mints ,10 mints ,yes,5 mints 
Jul 10,150 mints ,2 mints ,5 mints ,6 mints ,0 mints ,15 mints ,yes,5 mints 
Jul 11,100 mints ,5 mints ,0 mints ,6 mints ,0 mints ,10 mints ,yes,2 mints 
Jul 12,250 mints ,2 mints ,0 mints ,3 mints ,0 mints ,10 mints ,yes,5 mints 
Jul 13,240 mints ,2 mints ,0 mints ,6 mints ,0 mints ,5 mints ,yes,2 mints 
Jul 14,300 mints ,5 mints ,2 mints ,5 mints ,35 mints ,10 mints ,yes,10 mints 
Jul 15,200 mints ,5 mints ,0 mints ,5 mints ,0 mints ,15 mints ,yes,10 mints
Jul 16,120 mints ,10 mints ,0 mints ,5 mints ,30 mints ,10 mints ,yes,5 mints 
Jul 17,150 mints ,2 mints ,0 mints ,5 mints ,60 mints ,10 mints ,yes,5 mints 
Jul 18,150 mints ,2 mints ,0 mints ,5 mints ,60 mints ,10 mints ,yes,2 mints 
Jul 19,120 mints ,100 mints ,5 mints ,3 mints ,60 mints ,15 mints ,yes,5 mints 
Jul 20,majlis,5 mints ,10 mints ,3 mints ,0 mints ,80 mints ,yes,5 mints 
Jul 21,100 mints ,2 mints ,0 mints ,5 mints ,10 mints ,10 mints ,yes,5 mints 
Jul 22,120 mints ,2 mints ,5 mints ,5 mints ,15 mints ,5 mints ,yes,2 mints 
Jul 23,150 mints ,2 mints ,10 mints ,5 mints ,30 mints ,10 mints ,yes,5 mints 
Jul 24,420 mints ,2 mints ,5 mints ,6 mints ,100 mints ,10 mints ,yes,5 mints 
Jul 25,100 mints ,2 mints ,5 mints ,5 mints ,40 mints ,10 mints ,yes,2 mints 
Jul 26,60 mints ,2 mints ,0 mints ,3 mints ,30 mints ,5 mints ,yes,0 mints 
Jul 27,200 mints ,2 mints ,5 mints ,4 mints ,40 mints ,10 mints ,yes,0 mints 
Jul 28,120 mints ,2 mints ,0 mints ,4 mints ,30 mints ,30 mints ,yes,2 mints 
Jul 29,0 mints ,2 mints ,5 mints ,15 mints ,0 mints ,10 mints ,yes,5 mints 
Jul 30,150 mints ,2 mints ,5 mints ,12 mints ,30 mints ,10 mints ,yes,3 mints 
Jul 31,100 mints ,2 mints ,0 mints ,5 mints ,60 mints ,10 mints ,yes,2 mints 
Aug 1,120 mints ,2 mints ,0 mints ,4 mints ,40 mints ,15 mints ,yes,3 mints 
Aug 2,100 mints ,2 mints ,0 mints ,4 mints ,30 mints,10 mints ,yes,2 mints
Aug 3,150 mints ,2 mints ,0 mints ,2 mints ,40 mints ,10 mints ,yes,5 mints 
Aug 4,200 mints ,5 mints ,20 mints ,4 mints ,40 mints ,30 mints ,yes,5 mints 
Aug 5,100 mints ,5 mints ,5 mints ,6 mints ,0 mints ,20 mints ,yes,5 mints 
Aug 6,holiday ,2 mints ,70 mints ,2 mints ,40 mints ,10 mints ,yes,2 mints 
Aug 7,holiday ,3 mints ,80 mints ,5 mints ,0 mints ,10 mints ,yes,0 mints 
Aug 8,200 mints ,2 mints ,10 mints ,8 mints ,30 mints ,10 mints ,yes,2 mints 
Aug 9,120 mints ,5 mints ,muharram ,10 mints ,0 mints ,30 mints ,yes,5 mints 
Aug 10,250 mints ,5 mints ,muharram ,3 mints ,0 mints ,100 mints ,yes,15 mints 
Aug 11,200 mints ,2 mints ,muharram ,4 mints ,0 mints ,150 mints ,yes,5 mints 
Aug 12,250 mints ,2 mints ,muharram ,7 mints ,0 mints ,100 mints ,yes,5 mints 
Aug 13,200 mints ,2 mints ,muharram ,6 mints ,0 mints ,100 mints ,yes,7 mints 
Aug 14,240 mints ,2 mints ,muharram ,5 mints ,0 mints ,100 mints ,yes,5 mints 
Aug 15,180 mints ,5 mints ,muharram ,10 mints ,0 mints ,60 mints ,yes,5 mints 
Aug 16,holiday ,2 mints ,muharram ,5 mints ,0 mints ,80 mints ,yes,2 mints 
Aug 17,muharram ,2 mints ,muharram ,70 mints ,0 mints ,100 mints ,yes,5 mints 
Aug 18,Ashura,10 mints ,Ashura ,Ashura,Ashura,100 mints ,yes,Ashura
Aug 19,Ashura,5 mints ,Ashura,10 mints ,Ashura,100 mints ,yes,Ashura
Aug 20,holiday ,2 mints ,0 mints ,30 mints ,0 mints ,10 mints ,yes,5 mints 
Aug 21,150 mints ,3 mints ,10 mints ,4 mints ,30 mints ,80 mints ,yes,3 mints 
Aug 22,250 mints,5 mints,10 mints ,2 mints ,30 mints ,5 mints ,yes,5 mints 
Aug 23,400 mints ,5 mints ,10 mints ,4 mints ,60 mints ,10 mints ,yes,5 mints 
Aug 24,300 mints ,5 mints ,5 mints ,5 mints ,40 mints ,10 mints ,yes,10 mints 
Aug 25,350 mints ,5 mints ,10 mints ,7 mints ,60 mints ,10 mints ,yes,5 mints 
Aug 26,420 mints ,5 mints ,10 mints ,10 mints ,0 mints ,10 mints ,yes,5 mints 
Aug 27,500 mints ,5 mints ,10 mints ,5 mints ,20 mints ,10 mints ,yes,10 mints 
Aug 28,240 mints ,10 mints ,5 mints ,7 mints ,250 mints ,10 mints ,yes,7 mints 
Aug 29,200 mints ,5 mints ,0 mints ,4 mints ,20 mints ,10 mints ,yes,28 mints 
Aug 30,250 my ,5 mints ,10 mints,5 mints ,30 mints ,15 mints ,yes,10 mints 
Aug 31,,,,,,,,
Sep 1,,,,,,,,
Sep 2,,,,,,,,
Sep 3,,,,,,,,
Sep 4,,,,,,,,
Sep 5,,,,,,,,
Sep 6,,,,,,,,
Sep 7,,,,,,,,
Sep 8,,,,,,,,
Sep 9,,,,,,,,
Sep 10,,,,,,,,
Sep 11,,,,,,,,
Sep 12,,,,,,,,
Sep 13,,,,,,,,
Sep 14,,,,,,,,
Sep 15,,,,,,,,
Sep 16,,,,,,,,
Sep 17,,,,,,,,
Sep 18,,,,,,,,
Sep 19,,,,,,,,
Sep 20,,,,,,,,
Sep 21,,,,,,,,
Sep 22,,,,,,,,
Sep 23,,,,,,,,
Sep 24,,,,,,,,
Sep 25,,,,,,,,
Sep 26,,,,,,,,
Sep 27,,,,,,,,
Sep 28,,,,,,,,
Sep 29,,,,,,,,
Sep 30,,,,,,,,
Oct 1,,,,,,,,
Oct 2,,,,,,,,
Oct 3,,,,,,,,
Oct 4,,,,,,,,
Oct 5,,,,,,,,
Oct 6,,,,,,,,
Oct 7,,,,,,,,
Oct 8,,,,,,,,
Oct 9,,,,,,,,
Oct 10,,,,,,,,
Oct 11,,,,,,,,
Oct 12,,,,,,,,
Oct 13,,,,,,,,
Oct 14,,,,,,,,
Oct 15,,,,,,,,
Oct 16,,,,,,,,
Oct 17,,,,,,,,
Oct 18,,,,,,,,
Oct 19,,,,,,,,
Oct 20,,,,,,,,
Oct 21,,,,,,,,
Oct 22,,,,,,,,
Oct 23,,,,,,,,
Oct 24,,,,,,,,
Oct 25,,,,,,,,
Oct 26,,,,,,,,
Oct 27,,,,,,,,
Oct 28,,,,,,,,
Oct 29,,,,,,,,
Oct 30,,,,,,,,
Oct 31,,,,,,,,
Nov 1,,,,,,,,
Nov 2,,,,,,,,
Nov 3,,,,,,,,
Nov 4,,,,,,,,
Nov 5,,,,,,,,
Nov 6,,,,,,,,
Nov 7,,,,,,,,
Nov 8,,,,,,,,
Nov 9,,,,,,,,
Nov 10,,,,,,,,
Nov 11,,,,,,,,
Nov 12,,,,,,,,
Nov 13,,,,,,,,
Nov 14,,,,,,,,
Nov 15,,,,,,,,
Nov 16,,,,,,,,
Nov 17,,,,,,,,
Nov 18,,,,,,,,
Nov 19,,,,,,,,
Nov 20,,,,,,,,
Nov 21,,,,,,,,
Nov 22,,,,,,,,
Nov 23,,,,,,,,
Nov 24,,,,,,,,
Nov 25,,,,,,,,
Nov 26,,,,,,,,
Nov 27,,,,,,,,
Nov 28,,,,,,,,
Nov 29,,,,,,,,
Nov 30,,,,,,,,
Dec 1,,,,,,,,
Dec 2,,,,,,,,
Dec 3,,,,,,,,
Dec 4,,,,,,,,
Dec 5,,,,,,,,
Dec 6,,,,,,,,
Dec 7,,,,,,,,
Dec 8,,,,,,,,
Dec 9,,,,,,,,
Dec 10,,,,,,,,
Dec 11,,,,,,,,
Dec 12,,,,,,,,
Dec 13,,,,,,,,
Dec 14,,,,,,,,
Dec 15,,,,,,,,
Dec 16,,,,,,,,
Dec 17,,,,,,,,
Dec 18,,,,,,,,
Dec 19,,,,,,,,
Dec 20,,,,,,,,
Dec 21,,,,,,,,
Dec 22,,,,,,,,
Dec 23,,,,,,,,
Dec 24,,,,,,,,
Dec 25,,,,,,,,
Dec 26,,,,,,,,
Dec 27,,,,,,,,
Dec 28,,,,,,,,
Dec 29,,,,,,,,
Dec 30,,,,,,,,
Dec 31,,,,,,,,
Jan 1,,,,,,,,
Jan 2,,,,,,,,
Jan 3,,,,,,,,
Jan 4,,,,,,,,
Jan 5,,,,,,,,
Jan 6,,,,,,,,
Jan 7,,,,,,,,
Jan 8,,,,,,,,
Jan 9,,,,,,,,
Jan 10,,,,,,,,
Jan 11,,,,,,,,
Jan 12,,,,,,,,
Jan 13,,,,,,,,
Jan 14,,,,,,,,
Jan 15,,,,,,,,
Jan 16,,,,,,,,
Jan 17,,,,,,,,
Jan 18,,,,,,,,
Jan 19,,,,,,,,
Jan 20,,,,,,,,
Jan 21,,,,,,,,
Jan 22,,,,,,,,
Jan 23,,,,,,,,
Jan 24,,,,,,,,
Jan 25,,,,,,,,
Jan 26,,,,,,,,
Jan 27,,,,,,,,
Jan 28,,,,,,,,
Jan 29,,,,,,,,
Jan 30,,,,,,,,
Jan 31,,,,,,,,
Feb 1,,,,,,,,
Feb 2,,,,,,,,
Feb 3,,,,,,,,
Feb 4,,,,,,,,
Feb 5,,,,,,,,
Feb 6,,,,,,,,
Feb 7,,,,,,,,
Feb 8,,,,,,,,
Feb 9,,,,,,,,
Feb 10,,,,,,,,
Feb 11,,,,,,,,
Feb 12,,,,,,,,
Feb 13,,,,,,,,
Feb 14,,,,,,,,
Feb 15,,,,,,,,
Feb 16,,,,,,,,
Feb 17,,,,,,,,
Feb 18,,,,,,,,
Feb 19,,,,,,,,
Feb 20,,,,,,,,
Feb 21,,,,,,,,
Feb 22,,,,,,,,
Feb 23,,,,,,,,
Feb 24,,,,,,,,
Feb 25,,,,,,,,
Feb 26,,,,,,,,
Feb 27,,,,,,,,
Feb 28,,,,,,,,
Mar 1,,,,,,,,
Mar 2,,,,,,,,
Mar 3,,,,,,,,
Mar 4,,,,,,,,
Mar 5,,,,,,,,
Mar 6,,,,,,,,
Mar 7,,,,,,,,
Mar 8,,,,,,,,
Mar 9,,,,,,,,
Mar 10,,,,,,,,
Mar 11,,,,,,,,
Mar 12,,,,,,,,
Mar 13,,,,,,,,
Mar 14,,,,,,,,
Mar 15,,,,,,,,
Mar 16,,,,,,,,
Mar 17,,,,,,,,
Mar 18,,,,,,,,
Mar 19,,,,,,,,
Mar 20,,,,,,,,
Mar 21,,,,,,,,
Mar 22,,,,,,,,
Mar 23,,,,,,,,
Mar 24,,,,,,,,
Mar 25,,,,,,,,
Mar 26,,,,,,,,
Mar 27,,,,,,,,
Mar 28,,,,,,,,
Mar 29,,,,,,,,
Mar 30,,,,,,,,
Mar 31,,,,,,,,
Apr 1,,,,,,,,
Apr 2,,,,,,,,
Apr 3,,,,,,,,
Apr 4,,,,,,,,
Apr 5,,,,,,,,
Apr 6,,,,,,,,
Apr 7,,,,,,,,
Apr 8,,,,,,,,
Apr 9,,,,,,,,
Apr 10,,,,,,,,
Apr 11,,,,,,,,
Apr 12,,,,,,,,
Apr 13,,,,,,,,
Apr 14,,,,,,,,
Apr 15,,,,,,,,
Apr 16,,,,,,,,
Apr 17,,,,,,,,
Apr 18,,,,,,,,
Apr 19,,,,,,,,
Apr 20,,,,,,,,
Apr 21,,,,,,,,
Apr 22,,,,,,,,
Apr 23,,,,,,,,
Apr 24,,,,,,,,
Apr 25,,,,,,,,
Apr 26,,,,,,,,
Apr 27,,,,,,,,
Apr 28,,,,,,,,
Apr 29,,,,,,,,
Apr 30,,,,,,,,
May 1,,,,,,,,
May 2,,,,,,,,
May 3,,,,,,,,
May 4,,,,,,,,
May 5,,,,,,,,
May 6,,,,,,,,
May 7,,,,,,,,
May 8,,,,,,,,
May 9,,,,,,,,
May 10,,,,,,,,
May 11,,,,,,,,
May 12,,,,,,,,
May 13,,,,,,,,
May 14,,,,,,,,
May 15,,,,,,,,
May 16,,,,,,,,
May 17,,,,,,,,
May 18,,,,,,,,
May 19,,,,,,,,
May 20,,,,,,,,
May 21,,,,,,,,
May 22,,,,,,,,
May 23,,,,,,,,
May 24,,,,,,,,
May 25,,,,,,,,
May 26,,,,,,,,
May 27,,,,,,,,
May 28,,,,,,,,
May 29,,,,,,,,
May 30,,,,,,,,
May 31,,,,,,,,
Jun 1,,,,,,,,
Jun 2,,,,,,,,
Jun 3,,,,,,,,
Jun 4,,,,,,,,
Jun 5,,,,,,,,
Jun 6,,,,,,,,
Jun 7,,,,,,,,
Jun 8,,,,,,,,
Jun 9,,,,,,,,
Jun 10,,,,,,,,
Jun 11,,,,,,,,
Jun 12,,,,,,,,
Jun 13,,,,,,,,
Jun 14,,,,,,,,
Jun 15,,,,,,,,
Jun 16,,,,,,,,
Jun 17,,,,,,,,
Jun 18,,,,,,,,
Jun 19,,,,,,,,
Jun 20,,,,,,,,
Jun 21,,,,,,,,
Jun 22,,,,,,,,
Jun 23,,,,,,,,
Jun 24,,,,,,,,
Jun 25,,,,,,,,
Jun 26,,,,,,,,
Jun 27,,,,,,,,
Jun 28,,,,,,,,
Jun 29,,,,,,,,
Jun 30,,,,,,,,
Jul 1,,,,,,,,
Jul 2,,,,,,,,
Jul 3,,,,,,,,
Jul 4,,,,,,,,
Jul 5,,,,,,,,
Jul 6,,,,,,,,
Jul 7,,,,,,,,
Jul 8,,,,,,,,
Jul 9,,,,,,,,
Jul 10,,,,,,,,
Jul 11,,,,,,,,
Jul 12,,,,,,,,
Jul 13,,,,,,,,
Jul 14,,,,,,,,
Jul 15,,,,,,,,
Jul 16,,,,,,,,
Jul 17,,,,,,,,
Jul 18,,,,,,,,
Jul 19,,,,,,,,
Jul 20,,,,,,,,
Jul 21,,,,,,,,
Jul 22,,,,,,,,
Jul 23,,,,,,,,
Jul 24,,,,,,,,
Jul 25,,,,,,,,
Jul 26,,,,,,,,
Jul 27,,,,,,,,
Jul 28,,,,,,,,
Jul 29,,,,,,,,
Jul 30,,,,,,,,
Jul 31,,,,,,,,
Aug 1,,,,,,,,
Aug 2,,,,,,,,
Aug 3,,,,,,,,
Aug 4,,,,,,,,
Aug 5,,,,,,,,
Aug 6,,,,,,,,
Aug 7,,,,,,,,
Aug 8,,,,,,,,
Aug 9,,,,,,,,
Aug 10,,,,,,,,
Aug 11,,,,,,,,
Aug 12,,,,,,,,
Aug 13,,,,,,,,
Aug 14,,,,,,,,
Aug 15,,,,,,,,
Aug 16,,,,,,,,
Aug 17,,,,,,,,
Aug 18,,,,,,,,
Aug 19,,,,,,,,
Aug 20,,,,,,,,
Aug 21,,,,,,,,
Aug 22,,,,,,,,
Aug 23,,,,,,,,
Aug 24,,,,,,,,
Aug 25,,,,,,,,
Aug 26,,,,,,,,
Aug 27,,,,,,,,
Aug 28,,,,,,,,
Aug 29,,,,,,,,
Aug 30,,,,,,,,
Aug 31,,,,,,,,
Sep 1,,,,,,,,
Sep 2,,,,,,,,
Sep 3,,,,,,,,
Sep 4,,,,,,,,
Sep 5,,,,,,,,
Sep 6,,,,,,,,
Sep 7,,,,,,,,
Sep 8,,,,,,,,
Sep 9,,,,,,,,
Sep 10,,,,,,,,
Sep 11,,,,,,,,
Sep 12,,,,,,,,
Sep 13,,,,,,,,
Sep 14,,,,,,,,
Sep 15,,,,,,,,
Sep 16,,,,,,,,
Sep 17,,,,,,,,
Sep 18,,,,,,,,
Sep 19,,,,,,,,
Sep 20,,,,,,,,
Sep 21,,,,,,,,
Sep 22,,,,,,,,
Sep 23,,,,,,,,
Sep 24,,,,,,,,
Sep 25,,,,,,,,
Sep 26,,,,,,,,
Sep 27,,,,,,,,
Sep 28,,,,,,,,
Sep 29,,,,,,,,
Sep 30,,,,,,,,
Oct 1,,,,,,,,
Oct 2,,,,,,,,
Oct 3,,,,,,,,
Oct 4,,,,,,,,
Oct 5,,,,,,,,
Oct 6,,,,,,,,
Oct 7,,,,,,,,
Oct 8,,,,,,,,
Oct 9,,,,,,,,
Oct 10,,,,,,,,
Oct 11,,,,,,,,
Oct 12,,,,,,,,
Oct 13,,,,,,,,
Oct 14,,,,,,,,
Oct 15,,,,,,,,
Oct 16,,,,,,,,
Oct 17,,,,,,,,
Oct 18,,,,,,,,
Oct 19,,,,,,,,
Oct 20,,,,,,,,
Oct 21,,,,,,,,
Oct 22,,,,,,,,
Oct 23,,,,,,,,
Oct 24,,,,,,,,
Oct 25,,,,,,,,
Oct 26,,,,,,,,
Oct 27,,,,,,,,
Oct 28,,,,,,,,
Oct 29,,,,,,,,
Oct 30,,,,,,,,
Oct 31,,,,,,,,
Nov 1,,,,,,,,
Nov 2,,,,,,,,
Nov 3,,,,,,,,
Nov 4,,,,,,,,
Nov 5,,,,,,,,
Nov 6,,,,,,,,
Nov 7,,,,,,,,
Nov 8,,,,,,,,
Nov 9,,,,,,,,
Nov 10,,,,,,,,
Nov 11,,,,,,,,
Nov 12,,,,,,,,
Nov 13,,,,,,,,
Nov 14,,,,,,,,
Nov 15,,,,,,,,
Nov 16,,,,,,,,
Nov 17,,,,,,,,
Nov 18,,,,,,,,
Nov 19,,,,,,,,
Nov 20,,,,,,,,
Nov 21,,,,,,,,
Nov 22,,,,,,,,
Nov 23,,,,,,,,
Nov 24,,,,,,,,
Nov 25,,,,,,,,
Nov 26,,,,,,,,
Nov 27,,,,,,,,
Nov 28,,,,,,,,
Nov 29,,,,,,,,
Nov 30,,,,,,,,
Dec 1,,,,,,,,
Dec 2,,,,,,,,
Dec 3,,,,,,,,
Dec 4,,,,,,,,
Dec 5,,,,,,,,
Dec 6,,,,,,,,
Dec 7,,,,,,,,
Dec 8,,,,,,,,
Dec 9,,,,,,,,
Dec 10,,,,,,,,
Dec 11,,,,,,,,
Dec 12,,,,,,,,
Dec 13,,,,,,,,
Dec 14,,,,,,,,
Dec 15,,,,,,,,
Dec 16,,,,,,,,
Dec 17,,,,,,,,
Dec 18,,,,,,,,
Dec 19,,,,,,,,
Dec 20,,,,,,,,
Dec 21,,,,,,,,
Dec 22,,,,,,,,
Dec 23,,,,,,,,
Dec 24,,,,,,,,
Dec 25,,,,,,,,
Dec 26,,,,,,,,
Dec 27,,,,,,,,
Dec 28,,,,,,,,
Dec 29,,,,,,,,
Dec 30,,,,,,,,
Dec 31,,,,,,,,
Jan 1,,,,,,,,
Jan 2,,,,,,,,
Jan 3,,,,,,,,
Jan 4,,,,,,,,
Jan 5,,,,,,,,
Jan 6,,,,,,,,
Jan 7,,,,,,,,
Jan 8,,,,,,,,
Jan 9,,,,,,,,
Jan 10,,,,,,,,